{ 
    "vin": "WDD1671591Z000999", 
    "breakThreshold": 9, 
    "gasTankSize": 80, 
    "data": [ 
      { 
        "timestamp": 1559137025, 
        "odometer": 7700, 
        "fuelLevel": 42, 
        "positionLat": 58.01046, 
        "positionLong": 56.25017
      } ,
      { 
        "timestamp": 1559137020, 
        "odometer": 7500, 
        "fuelLevel": 52, 
        "positionLat": 51.54056, 
        "positionLong": 46.00861
      } ,
      { 
        "timestamp": 1559137035, 
        "odometer": 7700, 
        "fuelLevel": 42, 
        "positionLat": 58.01046, 
        "positionLong": 56.25017
      },
      { 
        "timestamp": 1559137045, 
        "odometer": 7800, 
        "fuelLevel": 32, 
        "positionLat": 58.01146, 
        "positionLong": 56.25017
      },
      { 
        "timestamp": 1559137055, 
        "odometer": 7800, 
        "fuelLevel": 45, 
        "positionLat": 58.01146, 
        "positionLong": 56.25017
      }
    ] 
}